Identifier,Stock,Symbol,Company_Name,GICS_Sector,GICS_Sub-Industry,Region,States,Date_first_added,CIK,Founded,IPO Year,Country,Volume,Market Cap
NYSE:MMM,NYSE,MMM,3M Company,Industrials,Industrial Conglomerates,St. Paul, Minnesota,09/08/1976,66740,1902,0,United States,2457554,117813147406.00
NYSE:ABT,NYSE,ABT,Abbott Laboratories,Health Care,Health Care Equipment,North Chicago, Illinois,31/03/1964,1800,1888,0,United States,10357311,205560322922.00
NYSE:ABBV,NYSE,ABBV,AbbVie Inc.,Health Care,Pharmaceuticals,North Chicago, Illinois,31/12/2012,1551152,2013,2012,United States,26404217,198382092780.00
NASDAQ:ABMD,NASDAQ,ABMD,Abiomed,Health Care,Health Care Equipment,Danvers, Massachusetts,31/05/2018,815094,1981,0,United States,537619,12947855597.00
NYSE:ACN,NYSE,ACN,Accenture,Information Technology,IT Consulting & Other Services,Dublin, Ireland,06/07/2011,1467373,1989,2001,Ireland,7165595,178012999760.00
NASDAQ:ATVI,NASDAQ,ATVI,Activision Blizzard,Communication Services,Interactive Home Entertainment,Santa Monica, California,31/08/2015,718877,2008,0,United States,7742041,75564879813.00
NASDAQ:ADBE,NASDAQ,ADBE,Adobe Inc.,Information Technology,Application Software,San Jose, California,05/05/1997,796343,1982,1986,United States,2955635,238177840000.00
NASDAQ:AMD,NASDAQ,AMD,Advanced Micro Devices,Information Technology,Semiconductors,Santa Clara, California,20/03/2017,2488,1969,0,United States,35832003,95281944938.00
NYSE:AAP,NYSE,AAP,Advance Auto Parts,Consumer Discretionary,Automotive Retail,Raleigh, North Carolina,09/07/2015,1158449,1932,0,United States,1011625,12310835040.00
NYSE:AES,NYSE,AES,AES Corp,Utilities,Independent Power Producers & Energy Traders,Arlington, Virginia,02/10/1998,874761,1981,0,United States,5363874,16882960844.00
NYSE:AFL,NYSE,AFL,Aflac,Financials,Life & Health Insurance,Columbus, Georgia,28/05/1999,4977,1955,0,United States,6550225,38618692236.00
NYSE:A,NYSE,A,Agilent Technologies,Health Care,Health Care Equipment,Santa Clara, California,05/06/2000,1090872,1999,1999,United States,3699620,41674620000.00
NYSE:APD,NYSE,APD,Air Products & Chemicals,Materials,Industrial Gases,Allentown, Pennsylvania,30/04/1985,2969,1940,0,United States,1155306,66013616876.00
NASDAQ:AKAM,NASDAQ,AKAM,Akamai Technologies,Information Technology,Internet Services & Infrastructure,Cambridge, Massachusetts,12/07/2007,1086222,1998,1999,United States,1477249,18693516353.00
NYSE:ALK,NYSE,ALK,Alaska Air Group,Industrials,Airlines,Seattle, Washington,13/05/2016,766421,1985,0,United States,855518,8767252681.00
NYSE:ALB,NYSE,ALB,Albemarle Corporation,Materials,Specialty Chemicals,Charlotte, North Carolina,01/07/2016,915913,1994,0,United States,2357364,19674630991.00
NYSE:ARE,NYSE,ARE,Alexandria Real Estate Equities,Real Estate,Office REITs,Pasadena, California,20/03/2017,1035443,1994,0,United States,1796203,25982704181.00
NASDAQ:ALXN,NASDAQ,ALXN,Alexion Pharmaceuticals,Health Care,Pharmaceuticals,Boston, Massachusetts,25/05/2012,899866,1992,1996,United States,2862269,39127034287.00
NASDAQ:ALGN,NASDAQ,ALGN,Align Technology,Health Care,Health Care Supplies,San Jose, California,19/06/2017,1097149,1997,2001,United States,878168,47463743588.00
NYSE:ALLE,NYSE,ALLE,Allegion,Industrials,Building Products,Dublin, Ireland,02/12/2013,1579241,1908,2013,United States,813264,12613129637.00
NASDAQ:LNT,NASDAQ,LNT,Alliant Energy,Utilities,Electric Utilities,Madison, Wisconsin,01/07/2016,352541,1917,0,United States,7705907,14195135826.00
NYSE:ALL,NYSE,ALL,Allstate Corp,Financials,Property & Casualty Insurance,Northfield Township, Illinois,13/07/1995,899051,1931,0,United States,3993780,40799862629.00
NASDAQ:GOOGL,NASDAQ,GOOGL,Alphabet Inc. (Class A),Communication Services,Interactive Media & Services,Mountain View, California,03/04/2014,1652044,1998,0,United States,1760773,1583382590445.00
NASDAQ:GOOG,NASDAQ,GOOG,Alphabet Inc. (Class C),Communication Services,Interactive Media & Services,Mountain View, California,03/04/2006,1652044,1998,2004,United States,1947609,1610075214320.00
NYSE:MO,NYSE,MO,Altria Group Inc,Consumer Staples,Tobacco,Richmond, Virginia,04/03/1957,764180,1985,0,United States,8094873,91051388321.00
NASDAQ:AMZN,NASDAQ,AMZN,Amazon.com Inc.,Consumer Discretionary,Internet & Direct Marketing Retail,Seattle, Washington,18/11/2005,1018724,1994,1997,United States,2555349,1629021142891.00
NYSE:AMCR,NYSE,AMCR,Amcor plc,Materials,Paper Packaging,Warmley, United Kingdom,07/06/2019,1748790,2019,2019,Switzerland,15849842,18316500222.00
NYSE:AEE,NYSE,AEE,Ameren Corp,Utilities,Multi-Utilities,St. Louis, Missouri,19/09/1991,1002910,1902,0,United States,2156056,21382087632.00
NASDAQ:AAL,NASDAQ,AAL,American Airlines Group,Industrials,Airlines,Fort Worth, Texas,23/03/2015,6201,1934,0,United States,36232920,15668989695.00
NASDAQ:AEP,NASDAQ,AEP,American Electric Power,Utilities,Electric Utilities,Columbus, Ohio,04/03/1957,4904,1906,0,United States,2452683,42753646720.00
NYSE:AXP,NYSE,AXP,American Express,Financials,Consumer Finance,New York, New York,30/06/1976,4962,1850,0,United States,2827270,128319598697.00
NYSE:AIG,NYSE,AIG,American International Group,Financials,Property & Casualty Insurance,New York, New York,31/03/1980,5272,1919,0,United States,6287715,45411021439.00
NYSE:AMT,NYSE,AMT,American Tower Corp.,Real Estate,Specialized REITs,Boston, Massachusetts,19/11/2007,1053507,1995,0,United States,3148508,115542821651.00
NYSE:AWK,NYSE,AWK,American Water Works,Utilities,Water Utilities,Camden, New Jersey,04/03/2016,1410636,1886,2008,United States,1029451,27841004050.00
NYSE:AMP,NYSE,AMP,Ameriprise Financial,Financials,Asset Management & Custody Banks,Minneapolis, Minnesota,03/10/2005,820027,1894,0,United States,1849857,30170040004.00
NYSE:ABC,NYSE,ABC,AmerisourceBergen,Health Care,Health Care Distributors,Chesterbrook, Pennsylvania,30/08/2001,1140859,1985,0,United States,2019432,23624286562.00
NYSE:AME,NYSE,AME,Ametek,Industrials,Electrical Components & Equipment,Berwyn, Pennsylvania,23/09/2013,1037868,1930,0,United States,853576,31030918871.00
NASDAQ:AMGN,NASDAQ,AMGN,Amgen Inc.,Health Care,Biotechnology,Thousand Oaks, California,02/01/1992,318154,1980,1983,United States,3701063,135198298446.00
NYSE:APH,NYSE,APH,Amphenol Corp,Information Technology,Electronic Components,Wallingford, Connecticut,30/09/2008,820313,1932,0,United States,2469398,40153800227.00
NASDAQ:ADI,NASDAQ,ADI,"Analog Devices, Inc.",Information Technology,Semiconductors,Norwood, Massachusetts,12/10/1999,6281,1965,0,United States,3468721,60196241287.00
NASDAQ:ANSS,NASDAQ,ANSS,"ANSYS, Inc.",Information Technology,Application Software,Canonsburg, Pennsylvania,19/06/2017,1013462,1969,1996,United States,920941,29351778271.00
NYSE:ANTM,NYSE,ANTM,Anthem,Health Care,Managed Health Care,Indianapolis, Indiana,25/07/2002,1156039,2014,0,United States,1945370,97407405787.00
NYSE:AON,NYSE,AON,Aon plc,Financials,Insurance Brokers,London, United Kingdom,23/04/1996,315293,1982,0,United States,2060018,57287323830.00
NYSE:AOS,NYSE,AOS,A.O. Smith Corp,Industrials,Building Products,Milwaukee, Wisconsin,26/07/2017,91142,1916,0,United States,1514228,11408438735.00
NASDAQ:APA,NASDAQ,APA,APA Corporation,Energy,Oil & Gas Exploration & Production,Houston, Texas,28/07/1997,6769,1954,0,United States,6131559,7873174153.00
NASDAQ:AAPL,NASDAQ,AAPL,Apple Inc.,Information Technology,"Technology Hardware, Storage & Peripherals",Cupertino, California,30/11/1982,320193,1977,1980,United States,94509058,2172021955200.00
NASDAQ:AMAT,NASDAQ,AMAT,Applied Materials Inc.,Information Technology,Semiconductor Equipment,Santa Clara, California,16/03/1995,6951,1967,1972,United States,10619728,126472015866.00
NYSE:APTV,NYSE,APTV,Aptiv PLC,Consumer Discretionary,Auto Parts & Equipment,Dublin, Ireland,24/12/2012,1521332,1994,2011,United Kingdom,2409273,40810124197.00
NYSE:ADM,NYSE,ADM,Archer-Daniels-Midland Co,Consumer Staples,Agricultural Products,Chicago, Illinois,29/07/1981,7084,1902,0,United States,4793534,37209560526.00
NYSE:ANET,NYSE,ANET,Arista Networks,Information Technology,Communications Equipment,Santa Clara, California,28/08/2018,1596532,2004,2014,United States,406220,25729610273.00
NYSE:AJG,NYSE,AJG,Arthur J. Gallagher & Co.,Financials,Insurance Brokers,Rolling Meadows, Illinois,31/05/2016,354190,1927,0,United States,1663792,30182782023.00
NYSE:AIZ,NYSE,AIZ,Assurant,Financials,Multi-line Insurance,New York, New York,10/04/2007,1267238,1892,2004,United States,564164,9769397903.00
NYSE:T,NYSE,T,AT&T Inc.,Communication Services,Integrated Telecommunication Services,Dallas, Texas,30/11/1983,732717,1983,0,United States,47441144,212129400000.00
NYSE:ATO,NYSE,ATO,Atmos Energy,Utilities,Gas Utilities,Dallas, Texas,15/02/2019,731802,1906,0,United States,3236757,12957429967.00
NASDAQ:ADSK,NASDAQ,ADSK,Autodesk Inc.,Information Technology,Application Software,San Rafael, California,01/12/1989,769397,1982,0,United States,2368761,63085445590.00
NASDAQ:ADP,NASDAQ,ADP,Automatic Data Processing,Information Technology,Data Processing & Outsourced Services,Roseland, New Jersey,31/03/1981,8670,1949,0,United States,5649713,83929233437.00
NYSE:AZO,NYSE,AZO,AutoZone Inc,Consumer Discretionary,Specialty Stores,Memphis, Tennessee,02/01/1997,866787,1979,0,United States,237118,30510576400.00
NYSE:AVB,NYSE,AVB,AvalonBay Communities,Real Estate,Residential REITs,Arlington, Virginia,10/01/2007,915912,1978,0,United States,1009685,28489118273.00
NYSE:AVY,NYSE,AVY,Avery Dennison Corp,Materials,Paper Packaging,Glendale, California,31/12/1987,8818,1990,0,United States,1153298,18148809869.00
NYSE:BKR,NYSE,BKR,Baker Hughes Co,Energy,Oil & Gas Equipment & Services,Houston, Texas,07/07/2017,1701605,2017,2017,United States,14681996,25352313452.00
NYSE:BLL,NYSE,BLL,Ball Corp,Materials,Metal & Glass Containers,Broomfield, Colorado,31/10/1984,9389,1880,0,United States,3876925,27130236161.00
NYSE:BAC,NYSE,BAC,Bank of America Corp,Financials,Diversified Banks,Charlotte, North Carolina,30/06/1976,70858,1998,0,United States,52923885,367089596088.00
NYSE:BK,NYSE,BK,The Bank of New York Mellon,Financials,Asset Management & Custody Banks,New York, New York,31/03/1995,1390777,1784,0,United States,6573431,45612552129.00
NYSE:BAX,NYSE,BAX,Baxter International Inc.,Health Care,Health Care Equipment,Deerfield, Illinois,30/09/1972,10456,1931,0,United States,5048553,41138321547.00
NYSE:BDX,NYSE,BDX,Becton Dickinson,Health Care,Health Care Equipment,Franklin Lakes, New Jersey,30/09/1972,10795,1897,0,United States,3236339,70069810354.00
NYSE:BRKb,NYSE,BRKb,Berkshire Hathaway,Financials,Multi-Sector Holdings,Omaha, Nebraska,16/02/2010,1067983,1839,#N/D,#N/D,#N/D,#N/D
NYSE:BBY,NYSE,BBY,Best Buy Co. Inc.,Consumer Discretionary,Computer & Electronics Retail,Richfield, Minnesota,29/06/1999,764478,1966,0,United States,7718492,29582086115.00
NYSE:BIO,NYSE,BIO,Bio-Rad Laboratories,Health Care,Life Sciences Tools & Services,Hercules, California,22/06/2020,12208,1952,0,United States,191422,17815606432.00
NASDAQ:BIIB,NASDAQ,BIIB,Biogen Inc.,Health Care,Biotechnology,Cambridge, Massachusetts,13/11/2003,875045,1978,0,United States,1792772,40253823508.00
NYSE:BLK,NYSE,BLK,BlackRock,Financials,Asset Management & Custody Banks,New York, New York,04/04/2011,1364742,1988,1999,United States,704571,133678713628.00
NYSE:BA,NYSE,BA,Boeing Company,Industrials,Aerospace & Defense,Chicago, Illinois,04/03/1957,12927,1916,0,United States,18370450,146611884048.00
NASDAQ:BKNG,NASDAQ,BKNG,Booking Holdings Inc,Consumer Discretionary,Internet & Direct Marketing Retail,Norwalk, Connecticut,06/11/2009,1075531,1996,0,United States,689041,95849286736.00
NYSE:BWA,NYSE,BWA,BorgWarner,Consumer Discretionary,Auto Parts & Equipment,Auburn Hills, Michigan,19/12/2011,908255,1880,0,United States,3860061,12332971716.00
NYSE:BXP,NYSE,BXP,Boston Properties,Real Estate,Office REITs,Boston, Massachusetts,03/04/2006,1037540,1970,1997,United States,1950256,18206061496.00
NYSE:BSX,NYSE,BSX,Boston Scientific,Health Care,Health Care Equipment,Marlborough, Massachusetts,24/02/1995,885725,1979,0,United States,8004469,59621419476.00
NYSE:BMY,NYSE,BMY,Bristol-Myers Squibb,Health Care,Health Care Distributors,New York, New York,04/03/1957,14272,1989,0,United States,12253585,146720163141.00
NASDAQ:AVGO,NASDAQ,AVGO,Broadcom Inc.,Information Technology,Semiconductors,San Jose, California,08/05/2014,1730168,1961,2009,United States,1909285,190954831824.00
NYSE:BR,NYSE,BR,Broadridge Financial Solutions,Information Technology,Data Processing & Outsourced Services,Lake Success, New York,18/06/2018,1383312,1962,0,United States,967867,18538304832.00
NYSE:BFb,NYSE,BFb,Brown-Forman Corp.,Consumer Staples,Distillers & Vintners,Louisville, Kentucky,31/10/1982,14693,1870,#N/D,#N/D,#N/D,#N/D
NASDAQ:CHRW,NASDAQ,CHRW,C. H. Robinson Worldwide,Industrials,Air Freight & Logistics,Eden Prairie, Minnesota,02/03/2007,1043277,1905,1997,United States,1519145,12917189517.00
NYSE:COG,NYSE,COG,Cabot Oil & Gas,Energy,Oil & Gas Exploration & Production,Houston, Texas,23/06/2008,858470,1989,1990,United States,38729461,6546499285.00
NASDAQ:CDNS,NASDAQ,CDNS,Cadence Design Systems,Information Technology,Application Software,San Jose, California,18/09/2017,813672,1988,0,United States,2201442,35375829450.00
NASDAQ:CZR,NASDAQ,CZR,Caesars Entertainment,Consumer Discretionary,Casinos & Gaming,Reno, Nevada,22/03/2021,1590895,1973,0,United States,13307627,22524842380.00
NYSE:CPB,NYSE,CPB,Campbell Soup,Consumer Staples,Packaged Foods & Meats,Camden, New Jersey,04/03/1957,16732,1869,0,United States,2531531,14489907117.00
NYSE:COF,NYSE,COF,Capital One Financial,Financials,Consumer Finance,Tysons Corner, Virginia,01/07/1998,927628,1994,1994,United States,3488565,73046460804.00
NYSE:CAH,NYSE,CAH,Cardinal Health Inc.,Health Care,Health Care Distributors,Dublin, Ohio,27/05/1997,721371,1971,0,United States,3727193,16268594267.00
NYSE:KMX,NYSE,KMX,Carmax Inc,Consumer Discretionary,Specialty Stores,Richmond, Virginia,28/06/2010,1170010,1993,0,United States,849213,18891270037.00
NYSE:CCL,NYSE,CCL,Carnival Corp.,Consumer Discretionary,"Hotels, Resorts & Cruise Lines",Miami, Florida,22/12/1998,815097,1972,1987,United States,30139217,35716215480.00
NYSE:CARR,NYSE,CARR,Carrier Global,Industrials,Building Products,Palm Beach Gardens, Florida,03/04/2020,1783180,2020,2020,United States,12343699,39374322035.00
NYSE:CTLT,NYSE,CTLT,Catalent,Health Care,Pharmaceuticals,Somerset, New Jersey,21/09/2020,1596783,2007,2014,United States,1629563,17902897220.00
NYSE:CAT,NYSE,CAT,Caterpillar Inc.,Industrials,Construction Machinery & Heavy Trucks,Deerfield, Illinois,04/03/1957,18230,1925,0,United States,3591604,132170084035.00
NYSE:CBOE,NYSE,CBOE,Cboe Global Markets,Financials,Financial Exchanges & Data,Chicago, Illinois,01/03/2017,1374310,1973,2010,United States,549605,12325780813.00
NYSE:CBRE,NYSE,CBRE,CBRE Group,Real Estate,Real Estate Services,Dallas, Texas,10/11/2006,1138118,1906,0,United States,3177043,29400230790.00
NASDAQ:CDW,NASDAQ,CDW,CDW,Information Technology,Technology Distributors,Lincolnshire, Illinois,23/09/2019,1402057,1984,2013,United States,1271157,23439227984.00
NYSE:CE,NYSE,CE,Celanese,Materials,Specialty Chemicals,Irving, Texas,24/12/2018,1306830,1918,2005,United States,1350073,18628299098.00
NYSE:CNC,NYSE,CNC,Centene Corporation,Health Care,Managed Health Care,St. Louis, Missouri,30/03/2016,1071739,1984,0,United States,4156509,42959207760.00
NYSE:CNP,NYSE,CNP,CenterPoint Energy,Utilities,Multi-Utilities,Houston, Texas,31/07/1985,1130310,1882,0,United States,10274881,14558835993.00
NASDAQ:CERN,NASDAQ,CERN,Cerner,Health Care,Health Care Technology,North Kansas City, Missouri,30/04/2010,804753,1979,1986,United States,2337539,23590113254.00
NYSE:CF,NYSE,CF,CF Industries Holdings Inc,Materials,Fertilizers & Agricultural Chemicals,Deerfield, Illinois,27/08/2008,1324404,1946,2005,United States,2079876,11332822378.00
NYSE:SCHW,NYSE,SCHW,Charles Schwab Corporation,Financials,Investment Banking & Brokerage,Westlake, Texas,02/06/1997,316709,1971,0,United States,14693797,139306676766.00
NASDAQ:CHTR,NASDAQ,CHTR,Charter Communications,Communication Services,Cable & Satellite,Stamford, Connecticut,08/09/2016,1091667,1993,0,United States,1056921,141882435114.00
NYSE:CVX,NYSE,CVX,Chevron Corp.,Energy,Integrated Oil & Gas,San Ramon, California,04/03/1957,93410,1879,0,United States,11700719,198609376029.00
NYSE:CMG,NYSE,CMG,Chipotle Mexican Grill,Consumer Discretionary,Restaurants,Newport Beach, California,28/04/2011,1058090,1993,2006,United States,307127,38442294122.00
NYSE:CB,NYSE,CB,Chubb Limited,Financials,Property & Casualty Insurance,Zurich, Switzerland,15/07/2010,896159,1985,0,Switzerland,4827387,76155098876.00
NYSE:CHD,NYSE,CHD,Church & Dwight,Consumer Staples,Household Products,Ewing, New Jersey,29/12/2015,313927,1847,0,United States,2481167,20921927900.00
NYSE:CI,NYSE,CI,Cigna,Health Care,Managed Health Care,Bloomfield, Connecticut,30/06/1976,1739940,1982,0,United States,2578779,88904700000.00
NASDAQ:CINF,NASDAQ,CINF,Cincinnati Financial,Financials,Property & Casualty Insurance,Fairfield, Ohio,18/12/1997,20286,1950,0,United States,954116,19460473146.00
NASDAQ:CTAS,NASDAQ,CTAS,Cintas Corporation,Industrials,Diversified Support Services,Mason, Ohio,01/03/2001,723254,1929,1983,United States,661275,37204589718.00
NASDAQ:CSCO,NASDAQ,CSCO,Cisco Systems,Information Technology,Communications Equipment,San Jose, California,01/12/1993,858877,1984,1990,United States,56214006,223416891147.00
NYSE:C,NYSE,C,Citigroup Inc.,Financials,Diversified Banks,New York, New York,31/05/1988,831001,1998,0,United States,17465095,162800662596.00
NYSE:CFG,NYSE,CFG,Citizens Financial Group,Financials,Regional Banks,Providence, Rhode Island,29/01/2016,759944,1828,2014,United States,6689690,21334841664.00
NASDAQ:CTXS,NASDAQ,CTXS,Citrix Systems,Information Technology,Application Software,Fort Lauderdale, Florida,01/12/1999,877890,1989,1995,United States,1978757,14115309676.00
NYSE:CLX,NYSE,CLX,The Clorox Company,Consumer Staples,Household Products,Oakland, California,31/03/1969,21076,1913,0,United States,1780203,21949176737.00
NASDAQ:CME,NASDAQ,CME,CME Group Inc.,Financials,Financial Exchanges & Data,Chicago, Illinois,11/08/2006,1156375,1848,2002,United States,1312414,78315503986.00
NYSE:CMS,NYSE,CMS,CMS Energy,Utilities,Multi-Utilities,Jackson, Michigan,03/05/1999,811156,1886,0,United States,2982436,18033330588.00
NYSE:KO,NYSE,KO,Coca-Cola Company,Consumer Staples,Soft Drinks,Atlanta, Georgia,04/03/1957,21344,1886,0,United States,59107085,239224543993.00
NASDAQ:CTSH,NASDAQ,CTSH,Cognizant Technology Solutions,Information Technology,IT Consulting & Other Services,Teaneck, New Jersey,17/11/2006,1058290,1994,1998,United States,6254183,37509533190.00
NYSE:CL,NYSE,CL,Colgate-Palmolive,Consumer Staples,Household Products,New York, New York,04/03/1957,21665,1806,0,United States,4686291,70799127198.00
NASDAQ:CMCSA,NASDAQ,CMCSA,Comcast Corp.,Communication Services,Cable & Satellite,Philadelphia, Pennsylvania,19/11/2002,1166691,1963,0,United States,25520734,263436542441.00
NYSE:CMA,NYSE,CMA,Comerica Inc.,Financials,Diversified Banks,Dallas, Texas,01/12/1995,28412,1849,0,United States,1120029,10988921835.00
NYSE:CAG,NYSE,CAG,Conagra Brands,Consumer Staples,Packaged Foods & Meats,Chicago, Illinois,31/08/1983,23217,1919,0,United States,4048218,18199585121.00
NYSE:COP,NYSE,COP,ConocoPhillips,Energy,Oil & Gas Exploration & Production,Houston, Texas,04/03/1957,1163165,2002,0,United States,7484133,74933206751.00
NYSE:ED,NYSE,ED,Consolidated Edison,Utilities,Electric Utilities,New York, New York,,1047862,1823,0,United States,2866802,26352055142.00
NYSE:STZ,NYSE,STZ,Constellation Brands,Consumer Staples,Distillers & Vintners,Victor, New York,01/07/2005,16918,1945,0,United States,822327,45982628178.00
NYSE:COO,NYSE,COO,The Cooper Companies,Health Care,Health Care Supplies,San Ramon, California,23/09/2016,711404,1958,0,United States,513067,19418112435.00
NASDAQ:CPRT,NASDAQ,CPRT,Copart Inc,Industrials,Diversified Support Services,Dallas, Texas,02/07/2018,900075,1982,1994,United States,1785955,30397971208.00
NYSE:GLW,NYSE,GLW,Corning Inc.,Information Technology,Electronic Components,Corning, New York,,24741,1851,0,United States,9830976,36880777962.00
NYSE:CTVA,NYSE,CTVA,Corteva,Materials,Fertilizers & Agricultural Chemicals,Wilmington, Delaware,03/06/2019,1755672,2019,2019,United States,3708612,33302223180.00
NASDAQ:COST,NASDAQ,COST,Costco Wholesale Corp.,Consumer Staples,Hypermarkets & Super Centers,Issaquah, Washington,01/10/1993,909832,1976,0,United States,4445351,171481841688.00
NYSE:CCI,NYSE,CCI,Crown Castle,Real Estate,Specialized REITs,Houston, Texas,14/03/2012,1051470,1994,0,United States,2905370,81804856195.00
NASDAQ:CSX,NASDAQ,CSX,CSX Corp.,Industrials,Railroads,Jacksonville, Florida,30/09/1967,277948,1980,0,United States,4087965,75641559572.00
NYSE:CMI,NYSE,CMI,Cummins Inc.,Industrials,Industrial Machinery,Columbus, Indiana,31/03/1965,26172,1919,0,United States,2362954,37895708218.00
NYSE:CVS,NYSE,CVS,CVS Health,Health Care,Health Care Services,Woonsocket, Rhode Island,04/03/1957,64803,1996,0,United States,8984680,113777795412.00
NYSE:DHI,NYSE,DHI,D. R. Horton,Consumer Discretionary,Homebuilding,Arlington, Texas,22/06/2005,882184,1978,0,United States,4281366,34455015511.00
NYSE:DHR,NYSE,DHR,Danaher Corp.,Health Care,Health Care Equipment,Washington, D.C.,,313616,1969,0,United States,4211475,182050164969.00
NYSE:DRI,NYSE,DRI,Darden Restaurants,Consumer Discretionary,Restaurants,Orlando, Florida,,940944,1938,0,United States,1063338,18561341734.00
NYSE:DVA,NYSE,DVA,DaVita Inc.,Health Care,Health Care Facilities,Denver, Colorado,31/07/2008,927066,1979,0,United States,969070,12815154000.00
NYSE:DE,NYSE,DE,Deere & Co.,Industrials,Agricultural & Farm Machinery,Moline, Illinois,04/03/1957,315189,1837,0,United States,3336562,113530712300.00
NYSE:DAL,NYSE,DAL,Delta Air Lines Inc.,Industrials,Airlines,Atlanta, Georgia,11/09/2013,27904,1929,0,United States,8666442,30735032248.00
NASDAQ:XRAY,NASDAQ,XRAY,Dentsply Sirona,Health Care,Health Care Supplies,Charlotte, North Carolina,14/11/2008,818479,2016,1987,United States,2399399,14513788684.00
NYSE:DVN,NYSE,DVN,Devon Energy,Energy,Oil & Gas Exploration & Production,Oklahoma City, Oklahoma,30/08/2000,1090012,1971,0,United States,14799746,18039385000.00
NASDAQ:DXCM,NASDAQ,DXCM,DexCom,Health Care,Health Care Equipment,San Diego, California,12/05/2020,1093557,1999,2005,United States,842623,34998822497.00
NASDAQ:FANG,NASDAQ,FANG,Diamondback Energy,Energy,Oil & Gas Exploration & Production,Midland, Texas,03/12/2018,1539838,2007,2012,United States,1741338,14360331177.00
NYSE:DLR,NYSE,DLR,Digital Realty Trust Inc,Real Estate,Specialized REITs,Austin, Texas,18/05/2016,1297996,2004,2004,United States,979215,42286023708.00
NYSE:DFS,NYSE,DFS,Discover Financial Services,Financials,Consumer Finance,Riverwoods, Illinois,02/07/2007,1393612,1985,0,United States,2182787,35982825937.00
NASDAQ:DISCA,NASDAQ,DISCA,"Discovery, Inc. (Series A)",Communication Services,Broadcasting,New York, New York,01/03/2010,1437107,1985,0,United States,9659555,16435848876.00
NASDAQ:DISCK,NASDAQ,DISCK,"Discovery, Inc. (Series C)",Communication Services,Broadcasting,New York, New York,07/08/2014,1437107,1985,0,United States,5763237,15364385173.00
NASDAQ:DISH,NASDAQ,DISH,Dish Network,Communication Services,Cable & Satellite,Meridian, Colorado,13/03/2017,1001082,1980,1995,United States,4363433,23503323201.00
NYSE:DG,NYSE,DG,Dollar General,Consumer Discretionary,General Merchandise Stores,Goodlettsville, Tennessee,03/12/2012,29534,1939,2009,United States,4109908,48903220466.00
NASDAQ:DLTR,NASDAQ,DLTR,Dollar Tree,Consumer Discretionary,General Merchandise Stores,Chesapeake, Virginia,19/12/2011,935703,1986,1995,United States,8128183,23426702057.00
NYSE:D,NYSE,D,Dominion Energy,Utilities,Electric Utilities,Richmond, Virginia,,715957,1983,0,United States,5900165,60884522200.00
NYSE:DPZ,NYSE,DPZ,Domino's Pizza,Consumer Discretionary,Restaurants,Ann Arbor, Michigan,12/05/2020,1286681,1960,2004,United States,471714,16462073780.00
NYSE:DOV,NYSE,DOV,Dover Corporation,Industrials,Industrial Machinery,Downers Grove, Illinois,31/10/1985,29905,1955,0,United States,828077,21625072618.00
NYSE:DOW,NYSE,DOW,Dow Inc.,Materials,Commodity Chemicals,Midland, Michigan,01/04/2019,1751788,2019,2019,United States,6256002,51288295088.00
NYSE:DTE,NYSE,DTE,DTE Energy Co.,Utilities,Multi-Utilities,Detroit, Michigan,04/03/1957,936340,1995,0,United States,1399539,26722752176.00
NYSE:DUK,NYSE,DUK,Duke Energy,Utilities,Electric Utilities,Charlotte, North Carolina,30/06/1976,1326160,1904,0,United States,4251120,76929587790.00
NYSE:DRE,NYSE,DRE,Duke Realty Corp,Real Estate,Industrial REITs,Indianapolis, Indiana,26/07/2017,783280,1972,0,United States,2000265,17298070505.00
NYSE:DD,NYSE,DD,DuPont de Nemours Inc,Materials,Specialty Chemicals,Wilmington, Delaware,02/04/2019,1666700,2017,2017,United States,6253972,45083098706.00
NYSE:DXC,NYSE,DXC,DXC Technology,Information Technology,IT Consulting & Other Services,Tysons Corner, Virginia,04/04/2017,1688568,2017,2017,United States,5113013,9773863391.00
NYSE:EMN,NYSE,EMN,Eastman Chemical,Materials,Diversified Chemicals,Kingsport, Tennessee,01/01/1994,915389,1920,0,United States,944623,17055435837.00
NYSE:ETN,NYSE,ETN,Eaton Corporation,Industrials,Electrical Components & Equipment,Dublin, Ireland,,1551182,1911,0,Ireland,3082346,57619115000.00
NASDAQ:EBAY,NASDAQ,EBAY,eBay Inc.,Consumer Discretionary,Internet & Direct Marketing Retail,San Jose, California,22/07/2002,1065088,1995,1998,United States,19666993,40541879958.00
NYSE:ECL,NYSE,ECL,Ecolab Inc.,Materials,Specialty Chemicals,St. Paul, Minnesota,31/01/1989,31462,1923,0,United States,4147295,61828243137.00
NYSE:EIX,NYSE,EIX,Edison Int'l,Utilities,Electric Utilities,Rosemead, California,04/03/1957,827052,1886,0,United States,3933459,21028456897.00
NYSE:EW,NYSE,EW,Edwards Lifesciences,Health Care,Health Care Equipment,Irvine, California,01/04/2011,1099800,1958,0,United States,3799526,58651429910.00
NASDAQ:EA,NASDAQ,EA,Electronic Arts,Communication Services,Interactive Home Entertainment,Redwood City, California,22/07/2002,712515,1982,0,United States,1913198,41110388039.00
NYSE:EMR,NYSE,EMR,Emerson Electric Company,Industrials,Electrical Components & Equipment,Ferguson, Missouri,31/03/1965,32604,1890,0,United States,3794894,57241365000.00
NASDAQ:ENPH,NASDAQ,ENPH,Enphase Energy,Information Technology,Electronic Components,Fremont, California,07/01/2021,1463101,2006,2012,United States,2606474,19311308894.00
NYSE:ETR,NYSE,ETR,Entergy Corp.,Utilities,Electric Utilities,New Orleans, Louisiana,04/03/1957,65984,1913,0,United States,1007481,21029162550.00
NYSE:EOG,NYSE,EOG,EOG Resources,Energy,Oil & Gas Exploration & Production,Houston, Texas,02/11/2000,821189,1999,0,United States,6085939,46880999450.00
NYSE:EFX,NYSE,EFX,Equifax Inc.,Industrials,Research & Consulting Services,Atlanta, Georgia,19/06/1997,33185,1899,0,United States,1390012,28662161898.00
NASDAQ:EQIX,NASDAQ,EQIX,Equinix,Real Estate,Specialized REITs,Redwood City, California,20/03/2015,1101239,1998,2000,United States,395503,65849293102.00
NYSE:EQR,NYSE,EQR,Equity Residential,Real Estate,Residential REITs,Chicago, Illinois,03/12/2001,906107,1969,0,United States,8639182,28682472516.00
NYSE:ESS,NYSE,ESS,"Essex Property Trust, Inc.",Real Estate,Residential REITs,San Mateo, California,02/04/2014,920522,1971,1994,United States,502973,18947182265.00
NYSE:EL,NYSE,EL,Estée Lauder Companies,Consumer Staples,Personal Products,New York, New York,05/01/2006,1001250,1946,1995,United States,1860318,110040479353.00
NASDAQ:ETSY,NASDAQ,ETSY,Etsy,Consumer Discretionary,Internet & Direct Marketing Retail,Brooklyn, New York,21/09/2020,1370637,2005,2015,United States,2981962,21193087191.00
NYSE:EVRG,NYSE,EVRG,Evergy,Utilities,Electric Utilities,Kansas City, Missouri,05/06/2018,1711269,1909,2018,United States,1599755,14056390548.00
NYSE:ES,NYSE,ES,Eversource Energy,Utilities,Multi-Utilities,Hartford, Connecticut,,72741,1966,0,United States,1871892,27872279046.00
NYSE:RE,NYSE,RE,Everest Re Group Ltd.,Financials,Reinsurance,Hamilton, Bermuda,19/06/2017,1095073,1973,0,Bermuda,1750009,10418910653.00
NASDAQ:EXC,NASDAQ,EXC,Exelon Corp.,Utilities,Multi-Utilities,Chicago, Illinois,04/03/1957,1109357,2000,0,United States,8034042,43582015481.00
NASDAQ:EXPE,NASDAQ,EXPE,Expedia Group,Consumer Discretionary,Internet & Direct Marketing Retail,Seattle, Washington,02/10/2007,1324424,1996,0,United States,2221346,25589052559.00
NASDAQ:EXPD,NASDAQ,EXPD,Expeditors,Industrials,Air Freight & Logistics,Seattle, Washington,10/10/2007,746515,1979,0,United States,4853637,21120859649.00
NYSE:EXR,NYSE,EXR,Extra Space Storage,Real Estate,Specialized REITs,Salt Lake City, Utah,19/01/2016,1289490,1977,2004,United States,766979,19698202158.00
NYSE:XOM,NYSE,XOM,Exxon Mobil Corp.,Energy,Integrated Oil & Gas,Irving, Texas,04/03/1957,34088,1999,0,United States,33538733,247916038980.00
NASDAQ:FFIV,NASDAQ,FFIV,F5 Networks,Information Technology,Communications Equipment,Seattle, Washington,20/12/2010,1048695,1996,1999,United States,467579,11159906659.00
NASDAQ:FB,NASDAQ,FB,"Facebook, Inc.",Communication Services,Interactive Media & Services,Menlo Park, California,23/12/2013,1326801,2004,2012,United States,20466536,943500923514.00
NASDAQ:FAST,NASDAQ,FAST,Fastenal Co,Industrials,Building Products,Winona, Minnesota,15/09/2008,815556,1967,1987,United States,2888944,30302898299.00
NYSE:FRT,NYSE,FRT,Federal Realty Investment Trust,Real Estate,Retail REITs,Rockville, Maryland,01/02/2016,34903,1962,0,United States,812852,8780658635.00
NYSE:FDX,NYSE,FDX,FedEx Corporation,Industrials,Air Freight & Logistics,Memphis, Tennessee,31/12/1980,1048911,1971,0,United States,2656340,83739305449.00
NYSE:FIS,NYSE,FIS,Fidelity National Information Services,Information Technology,Data Processing & Outsourced Services,Jacksonville, Florida,10/11/2006,1136893,1968,0,United States,5675584,92894808588.00
NASDAQ:FITB,NASDAQ,FITB,Fifth Third Bancorp,Financials,Regional Banks,Cincinnati, Ohio,,35527,1858,0,United States,4671708,29714409630.00
NYSE:FE,NYSE,FE,FirstEnergy Corp,Utilities,Electric Utilities,Akron, Ohio,,1031296,1997,0,United States,2870060,20597509360.00
NYSE:FRC,NYSE,FRC,First Republic Bank,Financials,Regional Banks,San Francisco, California,02/01/2019,1132979,1985,0,United States,499089,33790991762.00
NASDAQ:FISV,NASDAQ,FISV,Fiserv Inc,Information Technology,Data Processing & Outsourced Services,Brookfield, Wisconsin,02/04/2001,798354,1984,1986,United States,7142750,76533629028.00
NYSE:FLT,NYSE,FLT,FleetCor Technologies Inc,Information Technology,Data Processing & Outsourced Services,Norcross, Georgia,20/06/2018,1175454,2000,2010,United States,1045080,22861950812.00
NASDAQ:FLIR,NASDAQ,FLIR,FLIR Systems,Information Technology,Electronic Equipment & Instruments,Wilsonville, Oregon,02/01/2009,354908,1978,#N/D,#N/D,#N/D,#N/D
NYSE:FMC,NYSE,FMC,FMC Corporation,Materials,Fertilizers & Agricultural Chemicals,Philadelphia, Pennsylvania,19/08/2009,37785,1883,0,United States,886692,14980613310.00
NYSE:F,NYSE,F,Ford Motor Company,Consumer Discretionary,Automobile Manufacturers,Dearborn, Michigan,04/03/1957,37996,1903,0,United States,278211039,59395669550.00
NASDAQ:FTNT,NASDAQ,FTNT,Fortinet,Information Technology,Systems Software,Sunnyvale, California,11/10/2018,1262039,2000,2009,United States,1581560,35332140834.00
NYSE:FTV,NYSE,FTV,Fortive Corp,Industrials,Industrial Machinery,Everett, Washington,01/07/2016,1659166,2016,2016,United States,5930967,24465240414.00
NYSE:FBHS,NYSE,FBHS,Fortune Brands Home & Security,Industrials,Building Products,Deerfield, Illinois,22/06/2016,1519751,2011,0,United States,1402333,14548666910.00
NASDAQ:FOXA,NASDAQ,FOXA,Fox Corporation (Class A),Communication Services,Movies & Entertainment,New York, New York,01/07/2013,1754301,2019,0,United States,4180374,22018878762.00
NASDAQ:FOX,NASDAQ,FOX,Fox Corporation (Class B),Communication Services,Movies & Entertainment,New York, New York,18/09/2015,1754301,2019,0,United States,2762889,21357442087.00
NYSE:BEN,NYSE,BEN,Franklin Resources,Financials,Asset Management & Custody Banks,San Mateo, California,,38777,1947,0,United States,8138246,17242792634.00
NYSE:FCX,NYSE,FCX,Freeport-McMoRan Inc.,Materials,Copper,Phoenix, Arizona,,831259,1912,0,United States,28449550,62416787392.00
NYSE:GPS,NYSE,GPS,Gap Inc.,Consumer Discretionary,Apparel Retail,San Francisco, California,31/08/1986,39911,1969,0,United States,9496588,13178133003.00
NASDAQ:GRMN,NASDAQ,GRMN,Garmin Ltd.,Consumer Discretionary,Consumer Electronics,Schaffhausen, Switzerland,12/12/2012,1121788,1989,2000,Switzerland,1681277,27357555979.00
NYSE:IT,NYSE,IT,Gartner Inc,Information Technology,IT Consulting & Other Services,Stamford, Connecticut,05/04/2017,749251,1979,1993,United States,908100,20065299675.00
NYSE:GNRC,NYSE,GNRC,Generac Holdings,Industrials,Electrical Components & Equipment,Waukesha, Wisconsin,22/03/2021,1474735,1959,2010,United States,2156310,20537029713.00
NYSE:GD,NYSE,GD,General Dynamics,Industrials,Aerospace & Defense,Falls Church, Virginia,04/03/1957,40533,1899,0,United States,1157029,53882919857.00
NYSE:GE,NYSE,GE,General Electric,Industrials,Industrial Conglomerates,Boston, Massachusetts,,40545,1892,0,United States,184303389,125973498350.00
NYSE:GIS,NYSE,GIS,General Mills,Consumer Staples,Packaged Foods & Meats,Golden Valley, Minnesota,31/03/1969,40704,1856,0,United States,3535391,37989010633.00
NYSE:GM,NYSE,GM,General Motors,Consumer Discretionary,Automobile Manufacturers,Detroit, Michigan,06/06/2013,1467858,1908,2010,United States,33804883,86706597900.00
NYSE:GPC,NYSE,GPC,Genuine Parts,Consumer Discretionary,Specialty Stores,Atlanta, Georgia,31/12/1973,40987,1925,0,United States,1268810,18847845299.00
NASDAQ:GILD,NASDAQ,GILD,Gilead Sciences,Health Care,Biotechnology,Foster City, California,01/07/2004,882095,1987,1992,United States,8044484,82650341139.00
NYSE:GL,NYSE,GL,Globe Life Inc.,Financials,Life & Health Insurance,McKinney, Texas,30/04/1989,320335,1900,0,United States,499178,10840182518.00
NYSE:GPN,NYSE,GPN,Global Payments Inc.,Information Technology,Data Processing & Outsourced Services,Atlanta, Georgia,25/04/2016,1123360,2000,0,United States,2154879,57038629648.00
NYSE:GS,NYSE,GS,Goldman Sachs Group,Financials,Investment Banking & Brokerage,New York, New York,22/07/2002,886982,1869,1999,United States,3895877,126177485986.00
NYSE:GWW,NYSE,GWW,Grainger (W.W.) Inc.,Industrials,Industrial Machinery,Lake Forest, Illinois,30/06/1981,277135,1927,0,United States,393802,23924809772.00
NYSE:HAL,NYSE,HAL,Halliburton Co.,Energy,Oil & Gas Equipment & Services,Houston, Texas,04/03/1957,45012,1919,0,United States,7722271,20036469763.00
NYSE:HBI,NYSE,HBI,Hanesbrands Inc,Consumer Discretionary,"Apparel, Accessories & Luxury Goods",Winston-Salem, North Carolina,20/03/2015,1359841,2000,0,United States,2943319,6898521114.00
NYSE:HIG,NYSE,HIG,Hartford Financial Svc.Gp.,Financials,Property & Casualty Insurance,Hartford, Connecticut,04/03/1957,874766,1810,0,United States,3836773,23488881081.00
NASDAQ:HAS,NASDAQ,HAS,Hasbro Inc.,Consumer Discretionary,Leisure Products,Pawtucket, Rhode Island,30/09/1984,46080,1923,0,United States,1160400,13195581743.00
NYSE:HCA,NYSE,HCA,HCA Healthcare,Health Care,Health Care Facilities,Nashville, Tennessee,27/01/2015,860730,1968,2011,United States,2034431,70657773795.00
NYSE:PEAK,NYSE,PEAK,Healthpeak Properties,Real Estate,Health Care REITs,Long Beach, California,31/03/2008,765880,1985,0,United States,6055832,17752478680.00
NASDAQ:HSIC,NASDAQ,HSIC,Henry Schein,Health Care,Health Care Distributors,Melville, New York,17/03/2015,1000228,1932,1995,United States,1935026,10747774621.00
NYSE:HSY,NYSE,HSY,The Hershey Company,Consumer Staples,Packaged Foods & Meats,Hershey, Pennsylvania,04/03/1957,47111,1894,0,United States,1026035,35903534773.00
NYSE:HES,NYSE,HES,Hess Corporation,Energy,Integrated Oil & Gas,New York, New York,31/05/1984,4447,1919,0,United States,2534713,26274417192.00
NYSE:HPE,NYSE,HPE,Hewlett Packard Enterprise,Information Technology,"Technology Hardware, Storage & Peripherals",Houston, Texas,02/11/2015,1645590,2015,2015,United States,15351852,21260717372.00
NYSE:HLT,NYSE,HLT,Hilton Worldwide Holdings Inc,Consumer Discretionary,"Hotels, Resorts & Cruise Lines",Tysons Corner, Virginia,19/06/2017,1585689,1919,2016,United States,2395679,35170453077.00
NYSE:HFC,NYSE,HFC,HollyFrontier Corp,Energy,Oil & Gas Refining & Marketing,Dallas, Texas,18/06/2018,48039,1947,0,United States,3809423,5360618571.00
NASDAQ:HOLX,NASDAQ,HOLX,Hologic,Health Care,Health Care Equipment,Marlborough, Massachusetts,30/03/2016,859737,1985,1990,United States,3936353,16216988279.00
NYSE:HD,NYSE,HD,Home Depot,Consumer Discretionary,Home Improvement Retail,Atlanta, Georgia,31/03/1988,354950,1978,0,United States,3734005,338934891006.00
NYSE:HON,NYSE,HON,Honeywell Int'l Inc.,Industrials,Industrial Conglomerates,Charlotte, North Carolina,31/03/1964,773840,1906,0,United States,6646914,160629874306.00
NYSE:HRL,NYSE,HRL,Hormel Foods Corp.,Consumer Staples,Packaged Foods & Meats,Austin, Minnesota,04/03/2009,48465,1891,0,United States,4779257,26251204901.00
NASDAQ:HST,NASDAQ,HST,Host Hotels & Resorts,Real Estate,Hotel & Resort REITs,Bethesda, Maryland,20/03/2007,1070750,1993,0,United States,26333657,12095254824.00
NYSE:HWM,NYSE,HWM,Howmet Aerospace,Industrials,Aerospace & Defense,Pittsburgh, Pennsylvania,31/03/1964,4281,2016,0,United States,7790650,15409852135.00
NYSE:HPQ,NYSE,HPQ,HP Inc.,Information Technology,"Technology Hardware, Storage & Peripherals",Palo Alto, California,31/12/1974,47217,1939,0,United States,24318176,40015809218.00
NYSE:HUM,NYSE,HUM,Humana Inc.,Health Care,Managed Health Care,Louisville, Kentucky,,49071,1961,0,United States,1639004,56683778647.00
NASDAQ:HBAN,NASDAQ,HBAN,Huntington Bancshares,Financials,Regional Banks,Columbus, Ohio,,49196,1866,0,United States,37404790,16095416713.00
NYSE:HII,NYSE,HII,Huntington Ingalls Industries,Industrials,Aerospace & Defense,Newport News, Virginia,03/01/2018,1501585,2011,0,United States,559655,8674897151.00
NYSE:IEX,NYSE,IEX,IDEX Corporation,Industrials,Industrial Machinery,Lake Forest, Illinois,09/08/2019,832101,1988,1989,United States,338352,16846818070.00
NASDAQ:IDXX,NASDAQ,IDXX,Idexx Laboratories,Health Care,Health Care Equipment,Westbrook, Maine,05/01/2017,874716,1983,1991,United States,903051,47248893542.00
NYSE:INFO,NYSE,INFO,IHS Markit,Industrials,Research & Consulting Services,London, United Kingdom,02/06/2017,1598014,1959,1996,Bermuda,2087312,44751628447.00
NYSE:ITW,NYSE,ITW,Illinois Tool Works,Industrials,Industrial Machinery,Glenview, Illinois,28/02/1986,49826,1912,0,United States,1050466,72905734546.00
NASDAQ:ILMN,NASDAQ,ILMN,Illumina Inc,Health Care,Life Sciences Tools & Services,San Diego, California,19/11/2015,1110803,1998,2000,United States,2396430,59712540000.00
NASDAQ:INCY,NASDAQ,INCY,Incyte,Health Care,Biotechnology,Wilmington, Delaware,28/02/2017,879169,1991,0,United States,993315,18183273078.00
NYSE:IR,NYSE,IR,Ingersoll Rand,Industrials,Industrial Machinery,Milwaukee, Wisconsin,03/03/2020,1699150,1859,2017,United States,3278618,20834220626.00
NASDAQ:INTC,NASDAQ,INTC,Intel Corp.,Information Technology,Semiconductors,Santa Clara, California,31/12/1976,50863,1968,0,United States,32373531,233113740000.00
NYSE:ICE,NYSE,ICE,Intercontinental Exchange,Financials,Financial Exchanges & Data,Atlanta, Georgia,26/09/2007,1571949,2000,2005,United States,3545830,63041019875.00
NYSE:IBM,NYSE,IBM,International Business Machines,Information Technology,IT Consulting & Other Services,Armonk, New York,04/03/1957,51143,1911,0,United States,5629506,128506453123.00
NYSE:IP,NYSE,IP,International Paper,Materials,Paper Packaging,Memphis, Tennessee,04/03/1957,51434,1898,0,United States,7361874,24989048926.00
NYSE:IPG,NYSE,IPG,Interpublic Group,Communication Services,Advertising,New York, New York,01/10/1992,51644,1961,0,United States,9740019,13111210348.00
NYSE:IFF,NYSE,IFF,International Flavors & Fragrances,Materials,Specialty Chemicals,New York, New York,31/03/1976,51253,1958,0,United States,3640027,35555715374.00
NASDAQ:INTU,NASDAQ,INTU,Intuit Inc.,Information Technology,Application Software,Mountain View, California,05/12/2000,896878,1983,1993,United States,2974187,118078061431.00
NASDAQ:ISRG,NASDAQ,ISRG,Intuitive Surgical Inc.,Health Care,Health Care Equipment,Sunnyvale, California,02/06/2008,1035267,1995,2000,United States,1306748,98798977232.00
NYSE:IVZ,NYSE,IVZ,Invesco Ltd.,Financials,Asset Management & Custody Banks,Atlanta, Georgia,21/08/2008,914208,1935,0,United States,7581117,13132897993.00
NASDAQ:IPGP,NASDAQ,IPGP,IPG Photonics Corp.,Information Technology,Electronic Manufacturing Services,Oxford, Massachusetts,07/03/2018,1111928,1990,2006,United States,340007,11056481960.00
NYSE:IQV,NYSE,IQV,IQVIA Holdings Inc.,Health Care,Life Sciences Tools & Services,Durham, North Carolina,29/08/2017,1478242,1982,2013,United States,2468105,45511862378.00
NYSE:IRM,NYSE,IRM,Iron Mountain Incorporated,Real Estate,Specialized REITs,Boston, Massachusetts,06/01/2009,1020569,1951,0,United States,5111003,12418324224.00
NASDAQ:JKHY,NASDAQ,JKHY,Jack Henry & Associates,Information Technology,Data Processing & Outsourced Services,Monett, Missouri,13/11/2018,779152,1976,1985,United States,669910,11541049903.00
NYSE:J,NYSE,J,Jacobs Engineering Group,Industrials,Construction & Engineering,Dallas, Texas,26/10/2007,52988,1947,0,United States,693518,18303075640.00
NASDAQ:JBHT,NASDAQ,JBHT,J. B. Hunt Transport Services,Industrials,Trucking,Lowell, Arkansas,01/07/2015,728535,1961,0,United States,586776,18202887494.00
NYSE:SJM,NYSE,SJM,JM Smucker,Consumer Staples,Packaged Foods & Meats,Orrville, Ohio,06/11/2008,91419,1897,0,United States,1676990,14353306665.00
NYSE:JNJ,NYSE,JNJ,Johnson & Johnson,Health Care,Pharmaceuticals,New Brunswick, New Jersey,30/06/1973,200406,1886,0,United States,8113845,444543579266.00
NYSE:JCI,NYSE,JCI,Johnson Controls International,Industrials,Building Products,Cork, Ireland,27/08/2010,833444,1885,0,Switzerland,9009016,47460873326.00
NYSE:JPM,NYSE,JPM,JPMorgan Chase & Co.,Financials,Diversified Banks,New York, New York,30/06/1975,19617,2000,0,United States,15703049,497508505207.00
NYSE:JNPR,NYSE,JNPR,Juniper Networks,Information Technology,Communications Equipment,Sunnyvale, California,02/06/2006,1043604,1996,1999,United States,4601342,8711332390.00
NYSE:KSU,NYSE,KSU,Kansas City Southern,Industrials,Railroads,Kansas City, Missouri,24/05/2013,54480,1887,0,United States,1366724,26858293413.00
NYSE:K,NYSE,K,Kellogg Co.,Consumer Staples,Packaged Foods & Meats,Battle Creek, Michigan,,55067,1906,0,United States,3280764,22316129861.00
NYSE:KEY,NYSE,KEY,KeyCorp,Financials,Regional Banks,Cleveland, Ohio,01/03/1994,91576,1825,0,United States,7545341,22583987322.00
NYSE:KEYS,NYSE,KEYS,Keysight Technologies,Information Technology,Electronic Equipment & Instruments,Santa Rosa, California,06/11/2018,1601046,2014,2014,United States,1148592,25929630000.00
NYSE:KMB,NYSE,KMB,Kimberly-Clark,Consumer Staples,Household Products,Irving, Texas,04/03/1957,55785,1872,0,United States,6778572,44831160782.00
NYSE:KIM,NYSE,KIM,Kimco Realty,Real Estate,Retail REITs,New Hyde Park, New York,04/04/2006,879101,1958,0,United States,3906415,9089639466.00
NYSE:KMI,NYSE,KMI,Kinder Morgan,Energy,Oil & Gas Storage & Transportation,Houston, Texas,25/05/2012,1506307,1997,2011,United States,37710073,41351277966.00
NASDAQ:KLAC,NASDAQ,KLAC,KLA Corporation,Information Technology,Semiconductor Equipment,Milpitas, California,,319201,1975,1980,United States,1195136,48519815591.00
NASDAQ:KHC,NASDAQ,KHC,Kraft Heinz Co,Consumer Staples,Packaged Foods & Meats,Chicago, Illinois; Pittsburgh,06/07/2015,1637459,2015,0,United States,5814997,53121288976.00
NYSE:KR,NYSE,KR,Kroger Co.,Consumer Staples,Food Retail,Cincinnati, Ohio,04/03/1957,56873,1883,0,United States,16330890,27475190500.00
NYSE:LB,NYSE,LB,L Brands Inc.,Consumer Discretionary,Apparel Retail,Columbus, Ohio,30/09/1983,701985,1963,0,United States,16591690,19366666912.00
NYSE:LHX,NYSE,LHX,L3Harris Technologies,Industrials,Aerospace & Defense,Melbourne, Florida,22/09/2008,202058,2019,0,United States,2892451,44873008474.00
NYSE:LH,NYSE,LH,Laboratory Corp. of America Holding,Health Care,Health Care Services,Burlington, North Carolina,01/11/2004,920148,1978,0,United States,1002656,26908534000.00
NASDAQ:LRCX,NASDAQ,LRCX,Lam Research,Information Technology,Semiconductor Equipment,Fremont, California,29/06/2012,707549,1980,1984,United States,2245215,92089311712.00
NYSE:LW,NYSE,LW,Lamb Weston Holdings Inc,Consumer Staples,Packaged Foods & Meats,Eagle, Idaho,03/12/2018,1679273,2016,2016,United States,1087200,11739165730.00
NYSE:LVS,NYSE,LVS,Las Vegas Sands,Consumer Discretionary,Casinos & Gaming,Las Vegas, Nevada,03/10/2019,1300514,1988,2004,United States,4676955,44737769787.00
NYSE:LEG,NYSE,LEG,Leggett & Platt,Consumer Discretionary,Home Furnishings,Carthage, Missouri,,58492,1883,0,United States,954327,7354444819.00
NYSE:LDOS,NYSE,LDOS,Leidos Holdings,Industrials,Diversified Support Services,Reston, Virginia,09/08/2019,1336920,1969,0,United States,661261,14553548563.00
NYSE:LEN,NYSE,LEN,Lennar Corp.,Consumer Discretionary,Homebuilding,Miami, Florida,04/10/2005,920760,1954,0,United States,2210880,31009110606.00
NYSE:LLY,NYSE,LLY,Lilly (Eli) & Co.,Health Care,Pharmaceuticals,Indianapolis, Indiana,31/12/1970,59478,1876,0,United States,9339726,191037868843.00
NYSE:LNC,NYSE,LNC,Lincoln National,Financials,Multi-line Insurance,Radnor, Pennsylvania,30/06/1976,59558,1905,0,United States,2114514,13295664009.00
NYSE:LIN,NYSE,LIN,Linde plc,Materials,Industrial Gases,Guildford, Surrey,01/07/1992,1707925,1879,2018,United States,1710855,156414534670.00
NYSE:LYV,NYSE,LYV,Live Nation Entertainment,Communication Services,Movies & Entertainment,Beverly Hills, California,23/12/2019,1335258,2010,0,United States,1973704,19795206251.00
NASDAQ:LKQ,NASDAQ,LKQ,LKQ Corporation,Consumer Discretionary,Distributors,Chicago, Illinois,23/05/2016,1065696,1998,0,United States,3472570,15437348525.00
NYSE:LMT,NYSE,LMT,Lockheed Martin Corp.,Industrials,Aerospace & Defense,Bethesda, Maryland,31/07/1984,936468,1995,0,United States,3978434,107668846449.00
NYSE:L,NYSE,L,Loews Corp.,Financials,Multi-line Insurance,New York, New York,,60086,1959,0,United States,2514367,15311555884.00
NYSE:LOW,NYSE,LOW,Lowe's Cos.,Consumer Discretionary,Home Improvement Retail,Mooresville, North Carolina,29/02/1984,60667,1904,0,United States,5125968,138545550000.00
NYSE:LUMN,NYSE,LUMN,Lumen Technologies,Communication Services,Alternative Carriers,Monroe, Louisiana,25/03/1999,18926,1983,0,United States,13407349,15706491165.00
NYSE:LYB,NYSE,LYB,LyondellBasell,Materials,Specialty Chemicals,Rotterdam, Netherlands,05/09/2012,1489393,2007,0,Netherlands,5021291,37969235925.00
NYSE:MTB,NYSE,MTB,M&T Bank,Financials,Regional Banks,Buffalo, New York,23/02/2004,36270,1856,0,United States,1552570,20620615357.00
NYSE:MRO,NYSE,MRO,Marathon Oil Corp.,Energy,Oil & Gas Exploration & Production,Houston, Texas,01/05/1991,101778,1887,0,United States,17767617,9528770157.00
NYSE:MPC,NYSE,MPC,Marathon Petroleum,Energy,Oil & Gas Refining & Marketing,Findlay, Ohio,01/07/2011,1510295,2009,0,United States,11338774,40072697413.00
NASDAQ:MKTX,NASDAQ,MKTX,MarketAxess,Financials,Financial Exchanges & Data,New York, New York,01/07/2019,1278021,2000,2004,United States,548619,17549144109.00
NASDAQ:MAR,NASDAQ,MAR,Marriott International,Consumer Discretionary,"Hotels, Resorts & Cruise Lines",Bethesda, Maryland,,1048286,1927,0,United States,1935071,47491124674.00
NYSE:MMC,NYSE,MMC,Marsh & McLennan,Financials,Insurance Brokers,New York, New York,31/08/1987,62709,1905,0,United States,1822867,69811262801.00
NYSE:MLM,NYSE,MLM,Martin Marietta Materials,Materials,Construction Materials,Raleigh, North Carolina,02/07/2014,916076,1993,1994,United States,757935,23125765543.00
NYSE:MAS,NYSE,MAS,Masco Corp.,Industrials,Building Products,Livonia, Michigan,30/06/1981,62996,1929,0,United States,2741132,15346430470.00
NYSE:MA,NYSE,MA,Mastercard Inc.,Information Technology,Data Processing & Outsourced Services,Harrison, New York,18/07/2008,1141391,1966,2006,United States,5414678,358759189932.00
NYSE:MKC,NYSE,MKC,McCormick & Co.,Consumer Staples,Packaged Foods & Meats,Hunt Valley, Maryland,,63754,1889,0,United States,3122723,23686018869.00
NASDAQ:MXIM,NASDAQ,MXIM,Maxim Integrated Products,Information Technology,Semiconductors,San Jose, California,03/12/2018,743316,1983,1988,United States,2543513,27147667239.00
NYSE:MCD,NYSE,MCD,McDonald's Corp.,Consumer Discretionary,Restaurants,Chicago, Illinois,30/06/1970,63908,1940,0,United States,5242859,175246492340.00
NYSE:MCK,NYSE,MCK,McKesson Corp.,Health Care,Health Care Distributors,Irving, Texas,,927653,1833,0,United States,1290158,30737175484.00
NYSE:MDT,NYSE,MDT,Medtronic plc,Health Care,Health Care Equipment,Dublin, Ireland,31/10/1986,1613103,1949,0,United States,9865448,168711316802.00
NYSE:MRK,NYSE,MRK,Merck & Co.,Health Care,Pharmaceuticals,Kenilworth, New Jersey,04/03/1957,310158,1891,0,United States,16862103,192233870995.00
NYSE:MET,NYSE,MET,MetLife Inc.,Financials,Life & Health Insurance,New York, New York,,1099219,1868,2000,United States,6815758,57479746077.00
NYSE:MTD,NYSE,MTD,Mettler Toledo,Health Care,Life Sciences Tools & Services,Columbus, Ohio,06/09/2016,1037646,1945,1997,Switzerland,231729,30183231368.00
NYSE:MGM,NYSE,MGM,MGM Resorts International,Consumer Discretionary,Casinos & Gaming,Paradise, Nevada,26/07/2017,789570,1986,0,United States,11978610,21480558566.00
NASDAQ:MCHP,NASDAQ,MCHP,Microchip Technology,Information Technology,Semiconductors,Chandler, Arizona,07/09/2007,827054,1989,1993,United States,1676844,42602516952.00
NASDAQ:MU,NASDAQ,MU,Micron Technology,Information Technology,Semiconductors,Boise, Idaho,27/09/1994,723125,1978,0,United States,22278057,94120408035.00
NASDAQ:MSFT,NASDAQ,MSFT,Microsoft Corp.,Information Technology,Systems Software,Redmond, Washington,01/06/1994,789019,1975,1986,United States,24410766,1877696851310.00
NYSE:MAA,NYSE,MAA,Mid-America Apartments,Real Estate,Residential REITs,Memphis, Tennessee,02/12/2016,912595,1977,1994,United States,876321,18132416850.00
NYSE:MHK,NYSE,MHK,Mohawk Industries,Consumer Discretionary,Home Furnishings,Calhoun, Georgia,23/12/2013,851968,1878,0,United States,820697,14846411118.00
NYSE:TAP,NYSE,TAP,Molson Coors Beverage Company,Consumer Staples,Brewers,Denver, Colorado,30/06/1976,24545,2005,0,Canada,2916694,12446704690.00
NASDAQ:MDLZ,NASDAQ,MDLZ,Mondelez International,Consumer Staples,Packaged Foods & Meats,Chicago, Illinois,02/10/2012,1103982,2012,0,United States,7658316,88932267591.00
NASDAQ:MPWR,NASDAQ,MPWR,Monolithic Power Systems,Information Technology,Semiconductors,Kirkland, Washington,12/02/2021,1280452,1997,2004,United States,478973,15673947780.00
NASDAQ:MNST,NASDAQ,MNST,Monster Beverage,Consumer Staples,Soft Drinks,Corona, California,28/06/2012,865752,2012,0,United States,2244965,49320140468.00
NYSE:MCO,NYSE,MCO,Moody's Corp,Financials,Financial Exchanges & Data,New York, New York,,1059556,1909,0,United States,1018058,62474256000.00
NYSE:MS,NYSE,MS,Morgan Stanley,Financials,Investment Banking & Brokerage,New York, New York,,895421,1935,0,United States,21837555,168011179025.00
NYSE:MOS,NYSE,MOS,The Mosaic Company,Materials,Fertilizers & Agricultural Chemicals,Tampa, Florida,26/09/2011,1285785,2004,0,United States,7098024,13668483204.00
NYSE:MSI,NYSE,MSI,Motorola Solutions Inc.,Information Technology,Communications Equipment,Chicago, Illinois,,68505,1928,0,United States,939762,34542643989.00
NYSE:MSCI,NYSE,MSCI,MSCI Inc,Financials,Financial Exchanges & Data,New York, New York,04/04/2018,1408198,1969,0,United States,504468,38274604587.00
NASDAQ:NDAQ,NASDAQ,NDAQ,"Nasdaq, Inc.",Financials,Financial Exchanges & Data,New York, New York,22/10/2008,1120193,1971,0,United States,723452,27236211411.00
NASDAQ:NTAP,NASDAQ,NTAP,NetApp,Information Technology,"Technology Hardware, Storage & Peripherals",Sunnyvale, California,25/06/1999,1002047,1992,1995,United States,2779261,17581038590.00
NASDAQ:NFLX,NASDAQ,NFLX,Netflix Inc.,Communication Services,Movies & Entertainment,Los Gatos, California,20/12/2010,1065280,1997,2002,United States,3252070,223412902561.00
NASDAQ:NWL,NASDAQ,NWL,Newell Brands,Consumer Discretionary,Housewares & Specialties,Atlanta, Georgia,30/04/1989,814453,1903,0,United States,6051983,12159327000.00
NYSE:NEM,NYSE,NEM,Newmont Corporation,Materials,Gold,Denver, Colorado,30/06/1969,1164727,1921,0,United States,9091044,58556926341.00
NASDAQ:NWSA,NASDAQ,NWSA,News Corp (Class A),Communication Services,Publishing,New York, New York,01/08/2013,1564708,2013,0,United States,18350453,16010998615.00
NASDAQ:NWS,NASDAQ,NWS,News Corp (Class B),Communication Services,Publishing,New York, New York,18/09/2015,1564708,2013,0,United States,926967,15331565094.00
NYSE:NEE,NYSE,NEE,NextEra Energy,Utilities,Multi-Utilities,Juno Beach, Florida,30/06/1976,753308,1984,0,United States,10952681,143185489380.00
NYSE:NLSN,NYSE,NLSN,Nielsen Holdings,Industrials,Research & Consulting Services,New York, New York,09/07/2013,1492633,1923,2011,Netherlands,1999094,9851501160.00
NYSE:NKE,NYSE,NKE,"Nike, Inc.",Consumer Discretionary,"Apparel, Accessories & Luxury Goods",Washington County, Oregon,30/11/1988,320187,1964,0,United States,12882323,215760303625.00
NYSE:NI,NYSE,NI,NiSource Inc.,Utilities,Multi-Utilities,Merrillville, Indiana,,1111711,1912,0,United States,4494628,10005456843.00
NYSE:NSC,NYSE,NSC,Norfolk Southern Corp.,Industrials,Railroads,Norfolk, Virginia,04/03/1957,702165,1881,0,United States,1422735,69899821044.00
NASDAQ:NTRS,NASDAQ,NTRS,Northern Trust Corp.,Financials,Asset Management & Custody Banks,Chicago, Illinois,,73124,1889,0,United States,984279,25280713429.00
NYSE:NOC,NYSE,NOC,Northrop Grumman,Industrials,Aerospace & Defense,West Falls Church, Virginia,30/06/1985,1133421,1994,0,United States,997175,59629689116.00
NASDAQ:NLOK,NASDAQ,NLOK,NortonLifeLock,Information Technology,Application Software,Tempe, Arizona,25/03/2003,849399,1982,0,United States,9583723,16035477646.00
NYSE:NCLH,NYSE,NCLH,Norwegian Cruise Line Holdings,Consumer Discretionary,"Hotels, Resorts & Cruise Lines",Miami, Florida,13/10/2017,1513761,2011,0,United States,18212094,11993228995.00
NYSE:NOV,NYSE,NOV,NOV Inc.,Energy,Oil & Gas Equipment & Services,Houston, Texas,14/03/2005,1021860,1841,0,United States,3159865,6344046023.00
NYSE:NRG,NYSE,NRG,NRG Energy,Utilities,Independent Power Producers & Energy Traders,Princeton, New Jersey,29/01/2010,1013871,1992,0,United States,5624086,7915343163.00
NYSE:NUE,NYSE,NUE,Nucor Corp.,Materials,Steel,Charlotte, North Carolina,30/04/1985,73309,1940,0,United States,4943815,30238399452.00
NASDAQ:NVDA,NASDAQ,NVDA,Nvidia Corporation,Information Technology,Semiconductors,Santa Clara, California,30/11/2001,1045810,1993,1999,United States,14515134,385579097165.00
NYSE:NVR,NYSE,NVR,"NVR, Inc.",Consumer Discretionary,Homebuilding,Reston, Virginia,26/09/2019,906163,1980,0,United States,23995,17681027027.00
NASDAQ:NXPI,NASDAQ,NXPI,NXP Semiconductors,Information Technology,Semiconductors,Eindhoven, Netherlands,22/03/2021,1413447,1953,2010,Netherlands,3503443,57967497972.00
NASDAQ:ORLY,NASDAQ,ORLY,O'Reilly Automotive,Consumer Discretionary,Specialty Stores,Springfield, Missouri,27/03/2009,898173,1957,1993,United States,617734,36910892190.00
NYSE:OXY,NYSE,OXY,Occidental Petroleum,Energy,Oil & Gas Exploration & Production,Houston, Texas,31/12/1982,797468,1920,0,United States,19877942,24334225118.00
NASDAQ:ODFL,NASDAQ,ODFL,Old Dominion Freight Line,Industrials,Trucking,Thomasville, North Carolina,09/12/2019,878927,1934,1991,United States,2825215,30651779724.00
NYSE:OMC,NYSE,OMC,Omnicom Group,Communication Services,Advertising,New York, New York,,29989,1986,0,United States,3344468,17769973300.00
NYSE:OKE,NYSE,OKE,Oneok,Energy,Oil & Gas Storage & Transportation,Tulsa, Oklahoma,15/03/2010,1039684,1906,0,United States,3534540,23524331002.00
NYSE:ORCL,NYSE,ORCL,Oracle Corp.,Information Technology,Application Software,Austin, Texas,31/08/1989,1341439,1977,1986,United States,12867396,227741594300.00
NYSE:OTIS,NYSE,OTIS,Otis Worldwide,Industrials,Industrial Machinery,Farmington, Connecticut,03/04/2020,1781335,2020,2020,United States,2818938,33777878903.00
NASDAQ:PCAR,NASDAQ,PCAR,Paccar,Industrials,Construction Machinery & Heavy Trucks,Bellevue, Washington,31/12/1980,75362,1905,0,United States,1752897,31719679994.00
NYSE:PKG,NYSE,PKG,Packaging Corporation of America,Materials,Paper Packaging,Lake Forest, Illinois,26/07/2017,75677,1959,2000,United States,1184891,14191163520.00
NYSE:PH,NYSE,PH,Parker-Hannifin,Industrials,Industrial Machinery,Cleveland, Ohio,30/11/1985,76334,1917,0,United States,1378570,39759555536.00
NASDAQ:PAYX,NASDAQ,PAYX,Paychex Inc.,Information Technology,Data Processing & Outsourced Services,Penfield, New York,,723531,1971,1983,United States,1223155,36353123660.00
NYSE:PAYC,NYSE,PAYC,Paycom,Information Technology,Application Software,Oklahoma City, Oklahoma,28/01/2020,1590955,1998,2014,United States,497483,19918857534.00
NASDAQ:PYPL,NASDAQ,PYPL,PayPal,Information Technology,Data Processing & Outsourced Services,San Jose, California,20/07/2015,1633917,1998,0,United States,7048334,304806688171.00
NASDAQ:PENN,NASDAQ,PENN,Penn National Gaming,Consumer Discretionary,Casinos & Gaming,Wyomissing, Pennsylvania,22/03/2021,921738,1972,1994,United States,4141233,13018362001.00
NYSE:PNR,NYSE,PNR,Pentair plc,Industrials,Industrial Machinery,Worsley, UK,01/10/2012,77360,1966,0,Switzerland,2205299,11536059442.00
NASDAQ:PBCT,NASDAQ,PBCT,People's United Financial,Financials,Thrifts & Mortgage Finance,Bridgeport, Connecticut,13/11/2008,1378946,1842,0,United States,1991381,7914929400.00
NASDAQ:PEP,NASDAQ,PEP,PepsiCo Inc.,Consumer Staples,Soft Drinks,Purchase, New York,04/03/1957,77476,1898,0,United States,9203170,202422796489.00
NYSE:PKI,NYSE,PKI,PerkinElmer,Health Care,Health Care Equipment,Waltham, Massachusetts,31/05/1985,31791,1937,0,United States,1103351,16242011258.00
NYSE:PRGO,NYSE,PRGO,Perrigo,Health Care,Pharmaceuticals,Dublin, Ireland,19/12/2011,1585364,2013,0,United States,1442202,6119218112.00
NYSE:PFE,NYSE,PFE,Pfizer Inc.,Health Care,Pharmaceuticals,New York, New York,04/03/1957,78003,1849,0,United States,38453883,216350867960.00
NYSE:PM,NYSE,PM,Philip Morris International,Consumer Staples,Tobacco,New York, New York,31/03/2008,1413329,2008,0,United States,3342713,150679356870.00
NYSE:PSX,NYSE,PSX,Phillips 66,Energy,Oil & Gas Refining & Marketing,Houston, Texas,01/05/2012,1534701,2012,0,United States,2903506,36960358028.00
NYSE:PNW,NYSE,PNW,Pinnacle West Capital,Utilities,Multi-Utilities,Phoenix, Arizona,,764622,1985,0,United States,1725043,9495886020.00
NYSE:PXD,NYSE,PXD,Pioneer Natural Resources,Energy,Oil & Gas Exploration & Production,Irving, Texas,24/09/2008,1038357,1997,0,United States,3064821,37066127808.00
NYSE:PNC,NYSE,PNC,PNC Financial Services,Financials,Regional Banks,Pittsburgh, Pennsylvania,30/04/1988,713676,1845,0,United States,2515345,82473502708.00
NASDAQ:POOL,NASDAQ,POOL,Pool Corporation,Consumer Discretionary,Distributors,Covington, Louisiana,07/10/2020,945841,1993,1995,United States,766225,17315498610.00
NYSE:PPG,NYSE,PPG,PPG Industries,Materials,Specialty Chemicals,Pittsburgh, Pennsylvania,04/03/1957,79879,1883,0,United States,3182790,42863714251.00
NYSE:PPL,NYSE,PPL,PPL Corp.,Utilities,Electric Utilities,Allentown, Pennsylvania,,922224,1920,0,United States,6087349,22351879885.00
NASDAQ:PFG,NASDAQ,PFG,Principal Financial Group,Financials,Life & Health Insurance,Des Moines, Iowa,22/07/2002,1126328,1879,2001,United States,2386179,17754251371.00
NYSE:PG,NYSE,PG,Procter & Gamble,Consumer Staples,Personal Products,Cincinnati, Ohio,04/03/1957,80424,1837,0,United States,33094259,330462461454.00
NYSE:PGR,NYSE,PGR,Progressive Corp.,Financials,Property & Casualty Insurance,Mayfield Village, Ohio,04/08/1997,80661,1937,0,United States,4817171,58012665000.00
NYSE:PLD,NYSE,PLD,Prologis,Real Estate,Industrial REITs,San Francisco, California,17/07/2003,1045609,1983,0,United States,3470074,86449872780.00
NYSE:PRU,NYSE,PRU,Prudential Financial,Financials,Life & Health Insurance,Newark, New Jersey,22/07/2002,1137774,1875,2001,United States,3026214,42012220000.00
NYSE:PEG,NYSE,PEG,Public Service Enterprise Group (PSEG),Utilities,Electric Utilities,Newark, New Jersey,04/03/1957,788784,1903,0,United States,2842971,31354906163.00
NYSE:PSA,NYSE,PSA,Public Storage,Real Estate,Specialized REITs,Glendale, California,19/08/2005,1393311,1972,0,United States,980154,48971132042.00
NYSE:PHM,NYSE,PHM,PulteGroup,Consumer Discretionary,Homebuilding,Atlanta, Georgia,30/04/1984,822416,1956,0,United States,4695087,15220479083.00
NYSE:PVH,NYSE,PVH,PVH Corp.,Consumer Discretionary,"Apparel, Accessories & Luxury Goods",New York, New York,15/02/2013,78239,1881,0,United States,550904,8311748682.00
NASDAQ:QRVO,NASDAQ,QRVO,Qorvo,Information Technology,Semiconductors,Greensboro, North Carolina,11/06/2015,1604778,2015,0,United States,2070888,20844322374.00
NYSE:PWR,NYSE,PWR,Quanta Services Inc.,Industrials,Construction & Engineering,Houston, Texas,01/07/2009,1050915,1997,0,United States,1134917,13318699473.00
NASDAQ:QCOM,NASDAQ,QCOM,Qualcomm,Information Technology,Semiconductors,San Diego, California,,804328,1985,1991,United States,7378378,150745920000.00
NYSE:DGX,NYSE,DGX,Quest Diagnostics,Health Care,Health Care Services,Secaucus, New Jersey,12/12/2002,1022079,1967,0,United States,1513734,16114756748.00
NYSE:RL,NYSE,RL,Ralph Lauren Corporation,Consumer Discretionary,"Apparel, Accessories & Luxury Goods",New York, New York,02/02/2007,1037038,1967,1997,United States,1364246,9188218040.00
NYSE:RJF,NYSE,RJF,Raymond James Financial,Financials,Investment Banking & Brokerage,St. Petersburg, Florida,20/03/2017,720005,1962,0,United States,2054451,18110332190.00
NYSE:RTX,NYSE,RTX,Raytheon Technologies,Industrials,Aerospace & Defense,Waltham, Massachusetts,,101829,1922,0,United States,10490026,134252113381.00
NYSE:O,NYSE,O,Realty Income Corporation,Real Estate,Retail REITs,San Diego, California,07/04/2015,726728,1969,0,United States,5337301,25477440893.00
NASDAQ:REG,NASDAQ,REG,Regency Centers Corporation,Real Estate,Retail REITs,Jacksonville, Florida,02/03/2017,910606,1963,1993,United States,3253765,10891561699.00
NASDAQ:REGN,NASDAQ,REGN,Regeneron Pharmaceuticals,Health Care,Biotechnology,Tarrytown, New York,01/05/2013,872589,1988,1991,United States,1058821,52775408369.00
NYSE:RF,NYSE,RF,Regions Financial Corp.,Financials,Regional Banks,Birmingham, Alabama,28/08/1998,1281761,1971,0,United States,8693831,22465239705.00
NYSE:RSG,NYSE,RSG,Republic Services Inc,Industrials,Environmental & Facilities Services,Phoenix, Arizona,05/12/2008,1060391,1998,1998,United States,2564426,34774641799.00
NYSE:RMD,NYSE,RMD,ResMed,Health Care,Health Care Equipment,San Diego, California,26/07/2017,943819,1989,0,United States,1152882,29970852679.00
NYSE:RHI,NYSE,RHI,Robert Half International,Industrials,Human Resource & Employment Services,Menlo Park, California,05/12/2000,315213,1948,0,United States,1227164,10030705852.00
NYSE:ROK,NYSE,ROK,Rockwell Automation Inc.,Industrials,Electrical Components & Equipment,Milwaukee, Wisconsin,,1024478,1903,0,United States,1717349,30538617688.00
NYSE:ROL,NYSE,ROL,"Rollins, Inc.",Industrials,Environmental & Facilities Services,Atlanta, Georgia,01/10/2018,84839,1948,0,United States,2225759,16663302252.00
NYSE:ROP,NYSE,ROP,Roper Technologies,Industrials,Industrial Conglomerates,Sarasota, Florida,23/12/2009,882835,1981,1992,United States,443723,47093412640.00
NASDAQ:ROST,NASDAQ,ROST,Ross Stores,Consumer Discretionary,Apparel Retail,Dublin, California,21/12/2009,745732,1982,1985,United States,4549608,44811794933.00
NYSE:RCL,NYSE,RCL,Royal Caribbean Group,Consumer Discretionary,"Hotels, Resorts & Cruise Lines",Miami, Florida,05/12/2014,884887,1997,1993,United States,5389081,24123115457.00
NYSE:SPGI,NYSE,SPGI,S&P Global Inc.,Financials,Financial Exchanges & Data,New York, New York,,64040,1917,0,United States,1226634,91672086000.00
NYSE:CRM,NYSE,CRM,Salesforce.com,Information Technology,Application Software,San Francisco, California,15/09/2008,1108524,1999,2004,United States,15134851,208267820352.00
NASDAQ:SBAC,NASDAQ,SBAC,SBA Communications,Real Estate,Specialized REITs,Boca Raton, Florida,01/09/2017,1034054,1989,1999,United States,1307817,32490665141.00
NYSE:SLB,NYSE,SLB,Schlumberger Ltd.,Energy,Oil & Gas Equipment & Services,Curaçao, Kingdom of the Netherlands,31/03/1965,87347,1926,0,France,14891342,43823739390.00
NASDAQ:STX,NASDAQ,STX,Seagate Technology,Information Technology,"Technology Hardware, Storage & Peripherals",Dublin, Ireland,02/07/2012,1137789,1979,2002,Ireland,3254993,22070258587.00
NYSE:SEE,NYSE,SEE,Sealed Air,Materials,Paper Packaging,Charlotte, North Carolina,04/03/1957,1012100,1960,0,United States,1369745,8607188773.00
NYSE:SRE,NYSE,SRE,Sempra Energy,Utilities,Multi-Utilities,San Diego, California,,1032208,1998,0,United States,5666382,40963523387.00
NYSE:NOW,NYSE,NOW,ServiceNow,Information Technology,Systems Software,Santa Clara, California,21/11/2019,1373715,2003,2012,United States,1727386,94621024330.00
NYSE:SHW,NYSE,SHW,Sherwin-Williams,Materials,Specialty Chemicals,Cleveland, Ohio,30/06/1964,89800,1866,0,United States,2675796,76000417478.00
NYSE:SPG,NYSE,SPG,Simon Property Group Inc,Real Estate,Retail REITs,Indianapolis, Indiana,26/06/2002,1063761,2003,0,United States,3171692,42148318600.00
NASDAQ:SWKS,NASDAQ,SWKS,Skyworks Solutions,Information Technology,Semiconductors,Woburn, Massachusetts,12/03/2015,4127,2002,0,United States,2342003,28209360943.00
NYSE:SNA,NYSE,SNA,Snap-on,Industrials,Industrial Machinery,Kenosha, Wisconsin,30/09/1982,91440,1920,0,United States,611909,13719551141.00
NYSE:SO,NYSE,SO,Southern Company,Utilities,Electric Utilities,Atlanta, Georgia,04/03/1957,92122,1945,0,United States,5674971,67392410309.00
NYSE:LUV,NYSE,LUV,Southwest Airlines,Industrials,Airlines,Dallas, Texas,01/07/1994,92380,1967,0,United States,4431712,36505676036.00
NYSE:SWK,NYSE,SWK,Stanley Black & Decker,Industrials,Industrial Machinery,New Britain, Connecticut,30/09/1982,93556,1843,0,United States,1194910,34621248149.00
NASDAQ:SBUX,NASDAQ,SBUX,Starbucks Corp.,Consumer Discretionary,Restaurants,Seattle, Washington,,829224,1971,1992,United States,7377899,133748833000.00
NYSE:STT,NYSE,STT,State Street Corp.,Financials,Asset Management & Custody Banks,Boston, Massachusetts,,93751,1792,0,United States,2726919,30252361981.00
NYSE:STE,NYSE,STE,Steris,Health Care,Health Care Equipment,Dublin, Ireland,23/12/2019,1757898,1985,0,United States,976821,16292912191.00
NYSE:SYK,NYSE,SYK,Stryker Corp.,Health Care,Health Care Equipment,Kalamazoo, Michigan,12/12/2000,310764,1941,0,United States,2742426,95886099376.00
NASDAQ:SIVB,NASDAQ,SIVB,SVB Financial,Financials,Regional Banks,Santa Clara, California,19/03/2018,719739,1983,0,United States,476787,31757519207.00
NYSE:SYF,NYSE,SYF,Synchrony Financial,Financials,Consumer Finance,Stamford, Connecticut,18/11/2015,1601712,2003,2014,United States,9257542,27742265002.00
NASDAQ:SNPS,NASDAQ,SNPS,Synopsys Inc.,Information Technology,Application Software,Mountain View, California,16/03/2017,883241,1986,1992,United States,1219454,38848622056.00
NYSE:SYY,NYSE,SYY,Sysco Corp.,Consumer Staples,Food Distributors,Houston, Texas,31/12/1986,96021,1969,0,United States,3801150,41151647956.00
NASDAQ:TMUS,NASDAQ,TMUS,T-Mobile US,Communication Services,Wireless Telecommunication Services,Bellevue, Washington,15/07/2019,1283699,1994,0,United States,8141087,176193473033.00
NASDAQ:TROW,NASDAQ,TROW,T. Rowe Price Group,Financials,Asset Management & Custody Banks,Baltimore, Maryland,,1113169,1937,1986,United States,1224001,43150198921.00
NASDAQ:TTWO,NASDAQ,TTWO,Take-Two Interactive,Communication Services,Interactive Home Entertainment,New York, New York,19/03/2018,946581,1993,1997,United States,1549542,21567548223.00
NYSE:TPR,NYSE,TPR,"Tapestry, Inc.",Consumer Discretionary,"Apparel, Accessories & Luxury Goods",New York, New York,,1116132,2017,0,United States,2478882,12573722145.00
NYSE:TGT,NYSE,TGT,Target Corp.,Consumer Discretionary,General Merchandise Stores,Minneapolis, Minnesota,31/12/1976,27419,1902,0,United States,6622334,112796701789.00
NYSE:TEL,NYSE,TEL,TE Connectivity Ltd.,Information Technology,Electronic Manufacturing Services,Schaffhausen, Switzerland,17/10/2011,1385157,2007,0,Switzerland,2835516,44685996390.00
NYSE:TDY,NYSE,TDY,Teledyne Technologies,Industrials,Aerospace & Defense,Thousand Oaks, California,22/06/2020,1094285,1960,0,United States,446973,19423156346.00
NYSE:TFX,NYSE,TFX,Teleflex,Health Care,Health Care Equipment,Wayne, Pennsylvania,18/01/2019,96943,1943,0,United States,352444,18820649800.00
NASDAQ:TER,NASDAQ,TER,Teradyne,Information Technology,Semiconductor Equipment,North Reading, Massachusetts,21/09/2020,97210,1960,0,United States,1600929,21712718859.00
NASDAQ:TSLA,NASDAQ,TSLA,"Tesla, Inc.",Consumer Discretionary,Automobile Manufacturers,Palo Alto, California,21/12/2020,1318605,2003,2010,United States,26312402,607717013121.00
NASDAQ:TXN,NASDAQ,TXN,Texas Instruments,Information Technology,Semiconductors,Dallas, Texas,,97476,1930,0,United States,10107730,174666003905.00
NYSE:TXT,NYSE,TXT,Textron Inc.,Industrials,Aerospace & Defense,Providence, Rhode Island,31/12/1978,217346,1923,0,United States,2601270,15467829204.00
NYSE:TMO,NYSE,TMO,Thermo Fisher Scientific,Health Care,Life Sciences Tools & Services,Waltham, Massachusetts,03/08/2004,97745,2006,0,United States,4059450,185697815577.00
NYSE:TJX,NYSE,TJX,TJX Companies Inc.,Consumer Discretionary,Apparel Retail,Framingham, Massachusetts,30/09/1985,109198,1987,0,United States,8648816,81091128612.00
NASDAQ:TSCO,NASDAQ,TSCO,Tractor Supply Company,Consumer Discretionary,Specialty Stores,Brentwood, Tennessee,24/01/2014,916365,1938,1994,United States,1106791,21065334368.00
NYSE:TT,NYSE,TT,Trane Technologies plc,Industrials,Building Products,Dublin, Ireland,17/11/2010,1466258,1871,0,Ireland,1116701,44433606801.00
NYSE:TDG,NYSE,TDG,TransDigm Group,Industrials,Aerospace & Defense,Cleveland, Ohio,03/06/2016,1260221,1993,2006,United States,825646,35652446229.00
NYSE:TRV,NYSE,TRV,The Travelers Companies,Financials,Property & Casualty Insurance,New York, New York,21/08/2002,86312,1853,0,United States,2438770,40070990296.00
NASDAQ:TRMB,NASDAQ,TRMB,Trimble Inc.,Information Technology,Electronic Equipment & Instruments,Sunnyvale, California,21/01/2021,864749,1978,1990,United States,2493426,19602881852.00
NYSE:TFC,NYSE,TFC,Truist Financial,Financials,Regional Banks,Charlotte, North Carolina,04/12/1997,92230,1872,0,United States,14971928,83568679112.00
NYSE:TWTR,NYSE,TWTR,"Twitter, Inc.",Communication Services,Interactive Media & Services,San Francisco, California,07/06/2018,1418091,2006,2013,United States,9082907,46355194728.00
NYSE:TYL,NYSE,TYL,Tyler Technologies,Information Technology,Application Software,Plano, Texas,22/06/2020,860731,1966,0,United States,368200,16623834738.00
NYSE:TSN,NYSE,TSN,Tyson Foods,Consumer Staples,Packaged Foods & Meats,Springdale, Arkansas,,100493,1935,0,United States,2281808,29003914856.00
NYSE:UDR,NYSE,UDR,"UDR, Inc.",Real Estate,Residential REITs,Highlands Ranch, Colorado,07/03/2016,74208,1972,0,United States,3367060,13945289649.00
NASDAQ:ULTA,NASDAQ,ULTA,Ulta Beauty,Consumer Discretionary,Specialty Stores,Bolingbrook, Illinois,18/04/2016,1403568,1990,2007,United States,1423789,18187449950.00
NYSE:USB,NYSE,USB,U.S. Bancorp,Financials,Diversified Banks,Minneapolis, Minnesota,,36104,1968,0,United States,12452084,90483038197.00
NYSE:UAA,NYSE,UAA,Under Armour (Class A),Consumer Discretionary,"Apparel, Accessories & Luxury Goods",Baltimore, Maryland,01/05/2014,1336917,1996,0,United States,5137715,10451386800.00
NYSE:UA,NYSE,UA,Under Armour (Class C),Consumer Discretionary,"Apparel, Accessories & Luxury Goods",Baltimore, Maryland,08/04/2016,1336917,1996,2016,United States,6661368,8787939141.00
NYSE:UNP,NYSE,UNP,Union Pacific Corp,Industrials,Railroads,Omaha, Nebraska,04/03/1957,100885,1862,0,United States,3558909,148737334452.00
NASDAQ:UAL,NASDAQ,UAL,United Airlines Holdings,Industrials,Airlines,Chicago, Illinois,03/09/2015,100517,1967,0,United States,12287481,19133182159.00
NYSE:UNH,NYSE,UNH,UnitedHealth Group Inc.,Health Care,Managed Health Care,Minnetonka, Minnesota,01/07/1994,731766,1977,0,United States,2041802,389465864924.00
NYSE:UPS,NYSE,UPS,United Parcel Service,Industrials,Air Freight & Logistics,Atlanta, Georgia,22/07/2002,1090727,1907,1999,United States,5109315,185249338982.00
NYSE:URI,NYSE,URI,"United Rentals, Inc.",Industrials,Trading Companies & Distributors,Stamford, Connecticut,20/09/2014,1067701,1997,1997,United States,953374,24147519515.00
NYSE:UHS,NYSE,UHS,Universal Health Services,Health Care,Health Care Facilities,King of Prussia, Pennsylvania,20/09/2014,352915,1979,0,United States,1014073,13562556809.00
NYSE:UNM,NYSE,UNM,Unum Group,Financials,Life & Health Insurance,Chattanooga, Tennessee,01/03/1994,5513,1999,0,United States,2347136,6321243846.00
NYSE:VLO,NYSE,VLO,Valero Energy,Energy,Oil & Gas Refining & Marketing,San Antonio, Texas,,1035002,1980,0,United States,4945408,33023733730.00
NYSE:VAR,NYSE,VAR,Varian Medical Systems,Health Care,Health Care Equipment,Palo Alto, California,12/02/2007,203527,1948,#N/D,#N/D,#N/D,#N/D
NYSE:VTR,NYSE,VTR,Ventas Inc,Real Estate,Health Care REITs,Chicago, Illinois,04/03/2009,740260,1998,0,United States,1771881,20689005579.00
NASDAQ:VRSN,NASDAQ,VRSN,Verisign Inc.,Information Technology,Internet Services & Infrastructure,Dulles, Virginia,01/02/2006,1014473,1995,1998,United States,654445,24821184402.00
NASDAQ:VRSK,NASDAQ,VRSK,Verisk Analytics,Industrials,Research & Consulting Services,Jersey City, New Jersey,08/10/2015,1442145,1971,2009,United States,1100633,27900759289.00
NYSE:VZ,NYSE,VZ,Verizon Communications,Communication Services,Integrated Telecommunication Services,New York, New York,30/11/1983,732712,1983,0,United States,30749186,233044407062.00
NASDAQ:VRTX,NASDAQ,VRTX,Vertex Pharmaceuticals Inc,Health Care,Biotechnology,Cambridge, Massachusetts,23/09/2013,875320,1989,1991,United States,2194934,53665442255.00
NYSE:VFC,NYSE,VFC,VF Corporation,Consumer Discretionary,"Apparel, Accessories & Luxury Goods",Denver, Colorado,30/06/1979,103379,1899,0,United States,2549484,31186618285.00
NASDAQ:VIAC,NASDAQ,VIAC,ViacomCBS,Communication Services,Movies & Entertainment,New York, New York,,813828,2019,0,United States,22170095,27887578721.00
NASDAQ:VTRS,NASDAQ,VTRS,Viatris,Health Care,Pharmaceuticals,Pittsburgh, Pennsylvania,23/04/2004,1792044,1961,0,United States,10649099,18299044315.00
NYSE:V,NYSE,V,Visa Inc.,Information Technology,Data Processing & Outsourced Services,San Francisco, California,21/12/2009,1403161,1958,0,United States,5968797,483845500288.00
NYSE:VNO,NYSE,VNO,Vornado Realty Trust,Real Estate,Office REITs,New York, New York,,899689,1982,0,United States,2476573,8950972762.00
NYSE:VMC,NYSE,VMC,Vulcan Materials,Materials,Construction Materials,Birmingham, Alabama,30/06/1999,1396009,1909,0,United States,1524192,24613383276.00
NYSE:WRB,NYSE,WRB,W. R. Berkley Corporation,Financials,Property & Casualty Insurance,Greenwich, Connecticut,05/12/2019,11544,1967,0,United States,1230602,13729254415.00
NYSE:WAB,NYSE,WAB,Westinghouse Air Brake Technologies Corp,Industrials,Construction Machinery & Heavy Trucks,Wilmerding, Pennsylvania,27/02/2019,943452,1999,0,United States,945967,15599868672.00
NYSE:WMT,NYSE,WMT,Walmart,Consumer Staples,Hypermarkets & Super Centers,Bentonville, Arkansas,31/08/1982,104169,1962,0,United States,18854111,398642208612.00
NASDAQ:WBA,NASDAQ,WBA,Walgreens Boots Alliance,Consumer Staples,Drug Retail,Deerfield, Illinois,31/12/1979,1618921,2014,0,United States,9045885,45847479931.00
NYSE:DIS,NYSE,DIS,The Walt Disney Company,Communication Services,Movies & Entertainment,Burbank, California,30/06/1976,1744489,1923,0,United States,13556991,325303515664.00
NYSE:WM,NYSE,WM,Waste Management Inc.,Industrials,Environmental & Facilities Services,Houston, Texas,,823768,1968,0,United States,2206979,59329986393.00
NYSE:WAT,NYSE,WAT,Waters Corporation,Health Care,Health Care Distributors,Milford, Massachusetts,,1000697,1958,1995,United States,782286,19974919223.00
NYSE:WEC,NYSE,WEC,WEC Energy Group,Utilities,Electric Utilities,Milwaukee, Wisconsin,31/10/2008,783325,1896,0,United States,1759082,29445813469.00
NYSE:WFC,NYSE,WFC,Wells Fargo,Financials,Diversified Banks,San Francisco, California,30/06/1976,72971,1852,0,United States,42567253,193285803387.00
NYSE:WELL,NYSE,WELL,Welltower Inc.,Real Estate,Health Care REITs,Toledo, Ohio,30/01/2009,766704,1970,0,United States,1649721,30938269050.00
NYSE:WST,NYSE,WST,West Pharmaceutical Services,Health Care,Health Care Supplies,Exton, Pennsylvania,22/05/2020,105770,1923,0,United States,1128650,25447029735.00
NASDAQ:WDC,NASDAQ,WDC,Western Digital,Information Technology,"Technology Hardware, Storage & Peripherals",San Jose, California,01/07/2009,106040,1970,0,United States,4203903,23247515932.00
NYSE:WU,NYSE,WU,Western Union Co,Information Technology,Data Processing & Outsourced Services,Englewood, Colorado,29/09/2006,1365135,1851,0,United States,6486256,10079882105.00
NYSE:WRK,NYSE,WRK,WestRock,Materials,Paper Packaging,Atlanta, Georgia,,1732845,2015,2015,United States,3543662,15450714875.00
NYSE:WY,NYSE,WY,Weyerhaeuser,Real Estate,Specialized REITs,Federal Way, Washington,,106535,1900,0,United States,9088101,28709918800.00
NYSE:WHR,NYSE,WHR,Whirlpool Corp.,Consumer Discretionary,Household Appliances,Benton Harbor, Michigan,,106640,1911,0,United States,949267,15115109660.00
NYSE:WMB,NYSE,WMB,Williams Companies,Energy,Oil & Gas Storage & Transportation,Tulsa, Oklahoma,31/03/1975,107263,1908,0,United States,8198735,31948249858.00
NASDAQ:WLTW,NASDAQ,WLTW,Willis Towers Watson,Financials,Insurance Brokers,London, United Kingdom,05/01/2016,1140536,2016,0,United Kingdom,1577409,33661642504.00
NASDAQ:WYNN,NASDAQ,WYNN,Wynn Resorts Ltd,Consumer Discretionary,Casinos & Gaming,Paradise, Nevada,14/11/2008,1174922,2002,2002,United States,1543169,15344363178.00
NASDAQ:XEL,NASDAQ,XEL,Xcel Energy Inc,Utilities,Multi-Utilities,Minneapolis, Minnesota,04/03/1957,72903,1909,0,United States,3383186,37819791836.00
NASDAQ:XLNX,NASDAQ,XLNX,Xilinx,Information Technology,Semiconductors,San Jose, California,08/11/1999,743988,1984,1990,United States,1867317,30243236800.00
NYSE:XYL,NYSE,XYL,Xylem Inc.,Industrials,Industrial Machinery,White Plains, New York,01/11/2011,1524472,2011,2011,United States,833434,21172890984.00
NYSE:YUM,NYSE,YUM,Yum! Brands Inc,Consumer Discretionary,Restaurants,Louisville, Kentucky,06/10/1997,1041061,1997,0,United States,2226567,35774949464.00
NASDAQ:ZBRA,NASDAQ,ZBRA,Zebra Technologies,Information Technology,Electronic Equipment & Instruments,Lincolnshire, Illinois,23/12/2019,877212,1969,1991,United States,810265,26653956116.00
NYSE:ZBH,NYSE,ZBH,Zimmer Biomet,Health Care,Health Care Equipment,Warsaw, Indiana,07/08/2001,1136869,1927,0,United States,1839514,34947854591.00
NASDAQ:ZION,NASDAQ,ZION,Zions Bancorp,Financials,Regional Banks,Salt Lake City, Utah,22/06/2001,109380,1873,0,United States,1009008,9480009524.00
NYSE:ZTS,NYSE,ZTS,Zoetis,Health Care,Pharmaceuticals,Parsippany, New Jersey,21/06/2013,1555280,1952,2013,United States,3201813,82927499664.00
